requirement_id,source_line,section,normative_level,requirement,enforcement_class,implementing_artifacts,verification
ACD-0001,69,5. Immutable change contract,MUST,allowed and must-not-touch scopes;,DETERMINISTIC,schemas/change-contract.schema.json; toolkit/ztad/scope_guard.py,contract and scope tests
ACD-0002,88,6. Deterministic risk,MAY,"The model may recommend escalation. It cannot lower deterministic risk. If actual diff risk exceeds the planned risk, the affected node quarantines, the review plan is regenerated, and unrelated runnable work continues.",DETERMINISTIC,policies/risk-policy.yaml; toolkit/ztad/risk.py,contract/path/actual-diff risk tests
ACD-0003,222,12. Provider execution,MUST,Provider adapters must:,HOST_AND_DETERMINISTIC,toolkit/ztad/providers.py; policies/provider-policy.yaml,"provider isolation, replay, and structured-output tests"
ACD-0004,243,13. Worktrees and patch flow,MUST,immutable allowed/must-not-touch scope;,DETERMINISTIC,toolkit/ztad/worktrees.py; toolkit/ztad/patch_broker.py; toolkit/ztad/scope_guard.py,"worktree, patch, and scope tests"
ACD-0005,253,14. Machine-check gate,MUST,"Before any independent reviewer runs, the exact candidate commit must pass the reviewed check registry appropriate to the risk, such as:",DETERMINISTIC_AND_PLATFORM,toolkit/ztad/checks.py; toolkit/ztad/test_weakening.py; policies/risk-policy.yaml,machine-check and protected-CI tests
ACD-0006,265,14. Machine-check gate,MUST,Local checks produce E2 evidence only. Protected CI must rerun required checks on the exact merge candidate for E3.,DETERMINISTIC_AND_PLATFORM,toolkit/ztad/checks.py; toolkit/ztad/test_weakening.py; policies/risk-policy.yaml,machine-check and protected-CI tests
ACD-0007,269,15. Independent review,MAY,Review dimensions are risk-adaptive and may include:,DETERMINISTIC,toolkit/ztad/findings.py; skills/independent-review,finding and adversarial review tests
ACD-0008,316,18. Loop prevention and recovery,MUST,"Every attempt fingerprints task, strategy, prompt, context, model/provider, SHA, diff, and failure evidence. A new attempt must materially change execution or demonstrate progress:",DETERMINISTIC,toolkit/ztad/loop_guard.py; toolkit/ztad/mesh_store.py,attempt fingerprint and no-progress tests
ACD-0009,408,24. Validation and release,MUST,"Every release must report, without exaggeration:",DETERMINISTIC_AND_EXTERNAL,tests/; evals/; validation/; toolkit/ztad/distribution.py,"source/extracted tests, fuzz, concurrency, mutation, and reproducibility"
ACD-0010,444,26. Normative control catalogue,MUST,Every executable task MUST have a schema-valid Change Contract.,CONTROL_SPECIFIC,toolkit/ztad/; policies/; hooks/; tests/; docs/GITHUB_ENFORCEMENT.md,requirement-specific local tests and target-platform evidence
ACD-0011,445,26. Normative control catalogue,MUST,"The parent goal, acceptance criteria, non-goals, and invariants MUST be hash-addressed before execution.",CONTROL_SPECIFIC,toolkit/ztad/; policies/; hooks/; tests/; docs/GITHUB_ENFORCEMENT.md,requirement-specific local tests and target-platform evidence
ACD-0012,446,26. Normative control catalogue,MUST NOT,A model MUST NOT modify the authoritative parent goal.,CONTROL_SPECIFIC,toolkit/ztad/; policies/; hooks/; tests/; docs/GITHUB_ENFORCEMENT.md,requirement-specific local tests and target-platform evidence
ACD-0013,447,26. Normative control catalogue,MUST,Every write node MUST declare allowed scopes and must-not-touch scopes.,CONTROL_SPECIFIC,toolkit/ztad/; policies/; hooks/; tests/; docs/GITHUB_ENFORCEMENT.md,requirement-specific local tests and target-platform evidence
ACD-0014,448,26. Normative control catalogue,MUST NOT,Overlapping write scopes MUST NOT execute concurrently.,CONTROL_SPECIFIC,toolkit/ztad/; policies/; hooks/; tests/; docs/GITHUB_ENFORCEMENT.md,requirement-specific local tests and target-platform evidence
ACD-0015,449,26. Normative control catalogue,MUST,Material work outside the accepted scope MUST become a child task rather than silently expanding the current task.,CONTROL_SPECIFIC,toolkit/ztad/; policies/; hooks/; tests/; docs/GITHUB_ENFORCEMENT.md,requirement-specific local tests and target-platform evidence
ACD-0016,450,26. Normative control catalogue,MUST,A child task MUST retain a verifiable link to the parent goal and the acceptance criterion that caused it.,CONTROL_SPECIFIC,toolkit/ztad/; policies/; hooks/; tests/; docs/GITHUB_ENFORCEMENT.md,requirement-specific local tests and target-platform evidence
ACD-0017,451,26. Normative control catalogue,MUST,Scope validation MUST inspect both source and destination of renames.,CONTROL_SPECIFIC,toolkit/ztad/; policies/; hooks/; tests/; docs/GITHUB_ENFORCEMENT.md,requirement-specific local tests and target-platform evidence
ACD-0018,455,26. Normative control catalogue,MUST,Contract risk MUST be computed deterministically before model execution.,CONTROL_SPECIFIC,toolkit/ztad/; policies/; hooks/; tests/; docs/GITHUB_ENFORCEMENT.md,requirement-specific local tests and target-platform evidence
ACD-0019,456,26. Normative control catalogue,MUST,Intended-path risk MUST be computed before worktree allocation.,CONTROL_SPECIFIC,toolkit/ztad/; policies/; hooks/; tests/; docs/GITHUB_ENFORCEMENT.md,requirement-specific local tests and target-platform evidence
ACD-0020,457,26. Normative control catalogue,MUST,Actual-diff risk MUST be computed before independent review.,CONTROL_SPECIFIC,toolkit/ztad/; policies/; hooks/; tests/; docs/GITHUB_ENFORCEMENT.md,requirement-specific local tests and target-platform evidence
ACD-0021,458,26. Normative control catalogue,MAY,A model MAY recommend a higher risk level.,CONTROL_SPECIFIC,toolkit/ztad/; policies/; hooks/; tests/; docs/GITHUB_ENFORCEMENT.md,requirement-specific local tests and target-platform evidence
ACD-0022,459,26. Normative control catalogue,MUST NOT,A model MUST NOT lower deterministic risk.,CONTROL_SPECIFIC,toolkit/ztad/; policies/; hooks/; tests/; docs/GITHUB_ENFORCEMENT.md,requirement-specific local tests and target-platform evidence
ACD-0023,460,26. Normative control catalogue,MUST,"If actual-diff risk exceeds planned risk, the affected review plan MUST be invalidated and regenerated.",CONTROL_SPECIFIC,toolkit/ztad/; policies/; hooks/; tests/; docs/GITHUB_ENFORCEMENT.md,requirement-specific local tests and target-platform evidence
ACD-0024,461,26. Normative control catalogue,MUST NOT,R4 destructive activation MUST NOT proceed without verified reversibility or an explicit authorized exception outside model authority.,CONTROL_SPECIFIC,toolkit/ztad/; policies/; hooks/; tests/; docs/GITHUB_ENFORCEMENT.md,requirement-specific local tests and target-platform evidence
ACD-0025,465,26. Normative control catalogue,MUST,A deterministic repository index MUST be built before the first model call for a task.,CONTROL_SPECIFIC,toolkit/ztad/; policies/; hooks/; tests/; docs/GITHUB_ENFORCEMENT.md,requirement-specific local tests and target-platform evidence
ACD-0026,466,26. Normative control catalogue,MUST,Repository facts MUST bind to a repository revision or file hash.,CONTROL_SPECIFIC,toolkit/ztad/; policies/; hooks/; tests/; docs/GITHUB_ENFORCEMENT.md,requirement-specific local tests and target-platform evidence
ACD-0027,467,26. Normative control catalogue,MUST,"Context artifacts MUST declare included, excluded, truncated, and unknown information.",CONTROL_SPECIFIC,toolkit/ztad/; policies/; hooks/; tests/; docs/GITHUB_ENFORCEMENT.md,requirement-specific local tests and target-platform evidence
ACD-0028,468,26. Normative control catalogue,MUST,A model MUST request targeted context expansion when a required fact is missing.,CONTROL_SPECIFIC,toolkit/ztad/; policies/; hooks/; tests/; docs/GITHUB_ENFORCEMENT.md,requirement-specific local tests and target-platform evidence
ACD-0029,469,26. Normative control catalogue,MUST NOT,"A model MUST NOT invent a file, symbol, API, dependency, test result, or platform state.",CONTROL_SPECIFIC,toolkit/ztad/; policies/; hooks/; tests/; docs/GITHUB_ENFORCEMENT.md,requirement-specific local tests and target-platform evidence
ACD-0030,470,26. Normative control catalogue,MUST,Dynamic/reflection gaps MUST remain explicit known unknowns.,CONTROL_SPECIFIC,toolkit/ztad/; policies/; hooks/; tests/; docs/GITHUB_ENFORCEMENT.md,requirement-specific local tests and target-platform evidence
ACD-0031,471,26. Normative control catalogue,MUST,Context transfer between DAG nodes MUST use bounded hash-addressed artifacts.,CONTROL_SPECIFIC,toolkit/ztad/; policies/; hooks/; tests/; docs/GITHUB_ENFORCEMENT.md,requirement-specific local tests and target-platform evidence
ACD-0032,472,26. Normative control catalogue,MUST NOT,Provider result artifacts MUST NOT be stored inside code worktrees.,CONTROL_SPECIFIC,toolkit/ztad/; policies/; hooks/; tests/; docs/GITHUB_ENFORCEMENT.md,requirement-specific local tests and target-platform evidence
ACD-0033,476,26. Normative control catalogue,MUST,Catalog quality values MUST be treated as priors rather than authority.,CONTROL_SPECIFIC,toolkit/ztad/; policies/; hooks/; tests/; docs/GITHUB_ENFORCEMENT.md,requirement-specific local tests and target-platform evidence
ACD-0034,477,26. Normative control catalogue,MUST,A provider MUST pass a host probe before routing.,CONTROL_SPECIFIC,toolkit/ztad/; policies/; hooks/; tests/; docs/GITHUB_ENFORCEMENT.md,requirement-specific local tests and target-platform evidence
ACD-0035,478,26. Normative control catalogue,MUST,A model MUST meet the risk/role quality floor before assignment.,CONTROL_SPECIFIC,toolkit/ztad/; policies/; hooks/; tests/; docs/GITHUB_ENFORCEMENT.md,requirement-specific local tests and target-platform evidence
ACD-0036,479,26. Normative control catalogue,MUST,Frontier roles MUST use a qualified frontier candidate.,CONTROL_SPECIFIC,toolkit/ztad/; policies/; hooks/; tests/; docs/GITHUB_ENFORCEMENT.md,requirement-specific local tests and target-platform evidence
ACD-0037,480,26. Normative control catalogue,MUST,A preferred provider MUST remain a soft preference with a qualified fallback.,CONTROL_SPECIFIC,toolkit/ztad/; policies/; hooks/; tests/; docs/GITHUB_ENFORCEMENT.md,requirement-specific local tests and target-platform evidence
ACD-0038,481,26. Normative control catalogue,MUST,Benchmark results MUST bind to the catalog hash and benchmark-suite hash.,CONTROL_SPECIFIC,toolkit/ztad/; policies/; hooks/; tests/; docs/GITHUB_ENFORCEMENT.md,requirement-specific local tests and target-platform evidence
ACD-0039,482,26. Normative control catalogue,MUST,"A changed model, prompt, schema, toolchain, catalog, or benchmark suite MUST invalidate stale benchmark applicability.",CONTROL_SPECIFIC,toolkit/ztad/; policies/; hooks/; tests/; docs/GITHUB_ENFORCEMENT.md,requirement-specific local tests and target-platform evidence
ACD-0040,483,26. Normative control catalogue,MUST,Benchmark artifacts MUST be isolated from repositories and cleaned when temporary.,CONTROL_SPECIFIC,toolkit/ztad/; policies/; hooks/; tests/; docs/GITHUB_ENFORCEMENT.md,requirement-specific local tests and target-platform evidence
ACD-0041,484,26. Normative control catalogue,MUST,Provider commands MUST use argument arrays without shell interpolation.,CONTROL_SPECIFIC,toolkit/ztad/; policies/; hooks/; tests/; docs/GITHUB_ENFORCEMENT.md,requirement-specific local tests and target-platform evidence
ACD-0042,485,26. Normative control catalogue,MUST,Provider environments MUST be allowlisted and minimized.,CONTROL_SPECIFIC,toolkit/ztad/; policies/; hooks/; tests/; docs/GITHUB_ENFORCEMENT.md,requirement-specific local tests and target-platform evidence
ACD-0043,486,26. Normative control catalogue,MUST,Provider output MUST be locally schema-validated.,CONTROL_SPECIFIC,toolkit/ztad/; policies/; hooks/; tests/; docs/GITHUB_ENFORCEMENT.md,requirement-specific local tests and target-platform evidence
ACD-0044,487,26. Normative control catalogue,MUST,A provider run MUST reject pre-existing result artifacts for the same run ID.,CONTROL_SPECIFIC,toolkit/ztad/; policies/; hooks/; tests/; docs/GITHUB_ENFORCEMENT.md,requirement-specific local tests and target-platform evidence
ACD-0045,488,26. Normative control catalogue,MUST,Model run identity MUST be recorded before its output can participate in approval.,CONTROL_SPECIFIC,toolkit/ztad/; policies/; hooks/; tests/; docs/GITHUB_ENFORCEMENT.md,requirement-specific local tests and target-platform evidence
ACD-0046,489,26. Normative control catalogue,MUST,Model output MUST remain E0 until deterministic validation produces a separate evidence record.,CONTROL_SPECIFIC,toolkit/ztad/; policies/; hooks/; tests/; docs/GITHUB_ENFORCEMENT.md,requirement-specific local tests and target-platform evidence
ACD-0047,493,26. Normative control catalogue,MUST,"Parallelism MUST be bounded by independent DAG width, scope independence, provider limits, model limits, global policy, and budget.",CONTROL_SPECIFIC,toolkit/ztad/; policies/; hooks/; tests/; docs/GITHUB_ENFORCEMENT.md,requirement-specific local tests and target-platform evidence
ACD-0048,494,26. Normative control catalogue,MAY,Read-only scouts and reviewers MAY execute concurrently when dependencies permit.,CONTROL_SPECIFIC,toolkit/ztad/; policies/; hooks/; tests/; docs/GITHUB_ENFORCEMENT.md,requirement-specific local tests and target-platform evidence
ACD-0049,495,26. Normative control catalogue,MUST,Every writer MUST use a dedicated Git worktree and branch.,CONTROL_SPECIFIC,toolkit/ztad/; policies/; hooks/; tests/; docs/GITHUB_ENFORCEMENT.md,requirement-specific local tests and target-platform evidence
ACD-0050,496,26. Normative control catalogue,MUST NOT,"A writer MUST NOT hold merge, deployment, production, or signing authority.",CONTROL_SPECIFIC,toolkit/ztad/; policies/; hooks/; tests/; docs/GITHUB_ENFORCEMENT.md,requirement-specific local tests and target-platform evidence
ACD-0051,497,26. Normative control catalogue,MUST,Patch integration MUST be deterministic.,CONTROL_SPECIFIC,toolkit/ztad/; policies/; hooks/; tests/; docs/GITHUB_ENFORCEMENT.md,requirement-specific local tests and target-platform evidence
ACD-0052,498,26. Normative control catalogue,MUST NOT,"Provider logs, events, and result files MUST NOT enter the candidate patch.",CONTROL_SPECIFIC,toolkit/ztad/; policies/; hooks/; tests/; docs/GITHUB_ENFORCEMENT.md,requirement-specific local tests and target-platform evidence
ACD-0053,499,26. Normative control catalogue,MUST,One candidate commit MUST be created before machine checks and review.,CONTROL_SPECIFIC,toolkit/ztad/; policies/; hooks/; tests/; docs/GITHUB_ENFORCEMENT.md,requirement-specific local tests and target-platform evidence
ACD-0054,503,26. Normative control catalogue,MUST,Machine checks MUST run on the exact candidate commit before independent model review.,CONTROL_SPECIFIC,toolkit/ztad/; policies/; hooks/; tests/; docs/GITHUB_ENFORCEMENT.md,requirement-specific local tests and target-platform evidence
ACD-0055,504,26. Normative control catalogue,MUST NOT,Failed machine checks MUST NOT be converted into success by a model decision.,CONTROL_SPECIFIC,toolkit/ztad/; policies/; hooks/; tests/; docs/GITHUB_ENFORCEMENT.md,requirement-specific local tests and target-platform evidence
ACD-0056,505,26. Normative control catalogue,MUST,Test weakening MUST be detected and treated according to risk policy.,CONTROL_SPECIFIC,toolkit/ztad/; policies/; hooks/; tests/; docs/GITHUB_ENFORCEMENT.md,requirement-specific local tests and target-platform evidence
ACD-0057,506,26. Normative control catalogue,MUST,Local machine checks MUST be labelled E2 rather than protected CI evidence.,CONTROL_SPECIFIC,toolkit/ztad/; policies/; hooks/; tests/; docs/GITHUB_ENFORCEMENT.md,requirement-specific local tests and target-platform evidence
ACD-0058,507,26. Normative control catalogue,MUST,Protected CI evidence MUST bind to the exact merge candidate.,CONTROL_SPECIFIC,toolkit/ztad/; policies/; hooks/; tests/; docs/GITHUB_ENFORCEMENT.md,requirement-specific local tests and target-platform evidence
ACD-0059,508,26. Normative control catalogue,MUST,"A blocking finding MUST include location, violated requirement or invariant, evidence, blast radius, and reproduction or proof.",CONTROL_SPECIFIC,toolkit/ztad/; policies/; hooks/; tests/; docs/GITHUB_ENFORCEMENT.md,requirement-specific local tests and target-platform evidence
ACD-0060,509,26. Normative control catalogue,SHOULD,A reviewer SHOULD attempt to falsify a proposed blocking finding.,CONTROL_SPECIFIC,toolkit/ztad/; policies/; hooks/; tests/; docs/GITHUB_ENFORCEMENT.md,requirement-specific local tests and target-platform evidence
ACD-0061,510,26. Normative control catalogue,MUST NOT,Agreement among models MUST NOT be treated as proof.,CONTROL_SPECIFIC,toolkit/ztad/; policies/; hooks/; tests/; docs/GITHUB_ENFORCEMENT.md,requirement-specific local tests and target-platform evidence
ACD-0062,511,26. Normative control catalogue,MUST NOT,An implementation run MUST NOT independently approve the candidate it produced.,CONTROL_SPECIFIC,toolkit/ztad/; policies/; hooks/; tests/; docs/GITHUB_ENFORCEMENT.md,requirement-specific local tests and target-platform evidence
ACD-0063,512,26. Normative control catalogue,MUST,Supervisor takeover MUST require a fresh independent closure review.,CONTROL_SPECIFIC,toolkit/ztad/; policies/; hooks/; tests/; docs/GITHUB_ENFORCEMENT.md,requirement-specific local tests and target-platform evidence
ACD-0064,513,26. Normative control catalogue,MUST,"Approval MUST bind to stored run identity, task, contract, exact SHA, diff hash, risk, and registered evidence.",CONTROL_SPECIFIC,toolkit/ztad/; policies/; hooks/; tests/; docs/GITHUB_ENFORCEMENT.md,requirement-specific local tests and target-platform evidence
ACD-0065,514,26. Normative control catalogue,MUST,"Invented, stale, expired, invalidated, weak, or mismatched evidence MUST invalidate approval.",CONTROL_SPECIFIC,toolkit/ztad/; policies/; hooks/; tests/; docs/GITHUB_ENFORCEMENT.md,requirement-specific local tests and target-platform evidence
ACD-0066,515,26. Normative control catalogue,MUST,A signed negative result MUST remain negative.,CONTROL_SPECIFIC,toolkit/ztad/; policies/; hooks/; tests/; docs/GITHUB_ENFORCEMENT.md,requirement-specific local tests and target-platform evidence
ACD-0067,516,26. Normative control catalogue,MUST,"Model approval MUST remain advisory and MUST NOT itself create E6 or authorize merge, release, deployment, or production.",CONTROL_SPECIFIC,toolkit/ztad/; policies/; hooks/; tests/; docs/GITHUB_ENFORCEMENT.md,requirement-specific local tests and target-platform evidence
ACD-0068,520,26. Normative control catalogue,MUST,Every retry MUST have a new attempt fingerprint.,CONTROL_SPECIFIC,toolkit/ztad/; policies/; hooks/; tests/; docs/GITHUB_ENFORCEMENT.md,requirement-specific local tests and target-platform evidence
ACD-0069,521,26. Normative control catalogue,MUST,"A retry MUST add evidence, change strategy/context/resource, reduce failures/uncertainty, or rebuild from a clean baseline.",CONTROL_SPECIFIC,toolkit/ztad/; policies/; hooks/; tests/; docs/GITHUB_ENFORCEMENT.md,requirement-specific local tests and target-platform evidence
ACD-0070,522,26. Normative control catalogue,MUST,An identical no-progress attempt MUST be rejected.,CONTROL_SPECIFIC,toolkit/ztad/; policies/; hooks/; tests/; docs/GITHUB_ENFORCEMENT.md,requirement-specific local tests and target-platform evidence
ACD-0071,523,26. Normative control catalogue,MUST,Retries MUST be bounded by policy and budget.,CONTROL_SPECIFIC,toolkit/ztad/; policies/; hooks/; tests/; docs/GITHUB_ENFORCEMENT.md,requirement-specific local tests and target-platform evidence
ACD-0072,524,26. Normative control catalogue,SHOULD,A transient provider failure SHOULD trigger bounded backoff and qualified fallback.,CONTROL_SPECIFIC,toolkit/ztad/; policies/; hooks/; tests/; docs/GITHUB_ENFORCEMENT.md,requirement-specific local tests and target-platform evidence
ACD-0073,525,26. Normative control catalogue,MUST NOT,A blocked node MUST NOT stop unrelated runnable nodes.,CONTROL_SPECIFIC,toolkit/ztad/; policies/; hooks/; tests/; docs/GITHUB_ENFORCEMENT.md,requirement-specific local tests and target-platform evidence
ACD-0074,526,26. Normative control catalogue,MUST,Quarantine MUST preserve task state and evidence.,CONTROL_SPECIFIC,toolkit/ztad/; policies/; hooks/; tests/; docs/GITHUB_ENFORCEMENT.md,requirement-specific local tests and target-platform evidence
ACD-0075,527,26. Normative control catalogue,MUST,Quarantine reactivation MUST require a non-replayable verified change token and reason.,CONTROL_SPECIFIC,toolkit/ztad/; policies/; hooks/; tests/; docs/GITHUB_ENFORCEMENT.md,requirement-specific local tests and target-platform evidence
ACD-0076,528,26. Normative control catalogue,MUST,"Delayed retry, quarantine, dependency blocking, and runnable-now states MUST be reported separately.",CONTROL_SPECIFIC,toolkit/ztad/; policies/; hooks/; tests/; docs/GITHUB_ENFORCEMENT.md,requirement-specific local tests and target-platform evidence
ACD-0077,529,26. Normative control catalogue,MUST NOT,Durable state MUST NOT depend on conversation memory.,CONTROL_SPECIFIC,toolkit/ztad/; policies/; hooks/; tests/; docs/GITHUB_ENFORCEMENT.md,requirement-specific local tests and target-platform evidence
ACD-0078,530,26. Normative control catalogue,MUST,Long-running continuous operation MUST use an external process manager for restart after process or host failure.,CONTROL_SPECIFIC,toolkit/ztad/; policies/; hooks/; tests/; docs/GITHUB_ENFORCEMENT.md,requirement-specific local tests and target-platform evidence
ACD-0079,534,26. Normative control catalogue,MUST NOT,"Generated Git, CI, or deployment configuration MUST NOT be represented as active enforcement without platform evidence.",CONTROL_SPECIFIC,toolkit/ztad/; policies/; hooks/; tests/; docs/GITHUB_ENFORCEMENT.md,requirement-specific local tests and target-platform evidence
ACD-0080,535,26. Normative control catalogue,MUST,Merge eligibility MUST require verified source-control and protected-CI controls appropriate to risk.,CONTROL_SPECIFIC,toolkit/ztad/; policies/; hooks/; tests/; docs/GITHUB_ENFORCEMENT.md,requirement-specific local tests and target-platform evidence
ACD-0081,536,26. Normative control catalogue,MUST,Release MUST promote the exact tested artifact digest.,CONTROL_SPECIFIC,toolkit/ztad/; policies/; hooks/; tests/; docs/GITHUB_ENFORCEMENT.md,requirement-specific local tests and target-platform evidence
ACD-0082,537,26. Normative control catalogue,MUST NOT,Production MUST NOT rebuild a different artifact from the tested source.,CONTROL_SPECIFIC,toolkit/ztad/; policies/; hooks/; tests/; docs/GITHUB_ENFORCEMENT.md,requirement-specific local tests and target-platform evidence
ACD-0083,538,26. Normative control catalogue,SHOULD,R2/R3 release SHOULD use progressive delivery appropriate to risk.,CONTROL_SPECIFIC,toolkit/ztad/; policies/; hooks/; tests/; docs/GITHUB_ENFORCEMENT.md,requirement-specific local tests and target-platform evidence
ACD-0084,539,26. Normative control catalogue,MUST,Canary promotion MUST depend on defined health and business metrics.,CONTROL_SPECIFIC,toolkit/ztad/; policies/; hooks/; tests/; docs/GITHUB_ENFORCEMENT.md,requirement-specific local tests and target-platform evidence
ACD-0085,540,26. Normative control catalogue,MUST,Unhealthy rollout MUST trigger stop or rollback according to verified policy.,CONTROL_SPECIFIC,toolkit/ztad/; policies/; hooks/; tests/; docs/GITHUB_ENFORCEMENT.md,requirement-specific local tests and target-platform evidence
ACD-0086,541,26. Normative control catalogue,MUST,"Inconclusive metrics MUST lead to bounded additional observation/checks and then a safe decision, not indefinite hidden waiting.",CONTROL_SPECIFIC,toolkit/ztad/; policies/; hooks/; tests/; docs/GITHUB_ENFORCEMENT.md,requirement-specific local tests and target-platform evidence
ACD-0087,542,26. Normative control catalogue,MUST,Production success MUST require runtime evidence for the deployed digest and observation window.,CONTROL_SPECIFIC,toolkit/ztad/; policies/; hooks/; tests/; docs/GITHUB_ENFORCEMENT.md,requirement-specific local tests and target-platform evidence
ACD-0088,543,26. Normative control catalogue,MUST NOT,A model MUST NOT receive production credentials or private signing keys.,CONTROL_SPECIFIC,toolkit/ztad/; policies/; hooks/; tests/; docs/GITHUB_ENFORCEMENT.md,requirement-specific local tests and target-platform evidence
ACD-0089,544,26. Normative control catalogue,MUST,Full governed delivery MUST remain disabled until target-host acceptance verifies every required external gate.,CONTROL_SPECIFIC,toolkit/ztad/; policies/; hooks/; tests/; docs/GITHUB_ENFORCEMENT.md,requirement-specific local tests and target-platform evidence
ACD-0090,548,26. Normative control catalogue,MUST,"Release reports MUST state the exact test categories, counts, environments, and limitations.",CONTROL_SPECIFIC,toolkit/ztad/; policies/; hooks/; tests/; docs/GITHUB_ENFORCEMENT.md,requirement-specific local tests and target-platform evidence
ACD-0091,549,26. Normative control catalogue,MUST NOT,A release MUST NOT claim that every possible test was executed.,CONTROL_SPECIFIC,toolkit/ztad/; policies/; hooks/; tests/; docs/GITHUB_ENFORCEMENT.md,requirement-specific local tests and target-platform evidence
ACD-0092,550,26. Normative control catalogue,MUST,Mutation percentages MUST identify the selected mutant set and any survivors.,CONTROL_SPECIFIC,toolkit/ztad/; policies/; hooks/; tests/; docs/GITHUB_ENFORCEMENT.md,requirement-specific local tests and target-platform evidence
ACD-0093,551,26. Normative control catalogue,MUST NOT,Coverage MUST NOT be represented as proof of correctness.,CONTROL_SPECIFIC,toolkit/ztad/; policies/; hooks/; tests/; docs/GITHUB_ENFORCEMENT.md,requirement-specific local tests and target-platform evidence
ACD-0094,552,26. Normative control catalogue,MUST,Source tests and extracted-distribution tests MUST both pass before distribution acceptance.,CONTROL_SPECIFIC,toolkit/ztad/; policies/; hooks/; tests/; docs/GITHUB_ENFORCEMENT.md,requirement-specific local tests and target-platform evidence
ACD-0095,553,26. Normative control catalogue,MUST,Checksums and manifests MUST be regenerated after every source change.,CONTROL_SPECIFIC,toolkit/ztad/; policies/; hooks/; tests/; docs/GITHUB_ENFORCEMENT.md,requirement-specific local tests and target-platform evidence
ACD-0096,554,26. Normative control catalogue,MUST,Distribution archives MUST pass safe extraction and reproducibility checks.,CONTROL_SPECIFIC,toolkit/ztad/; policies/; hooks/; tests/; docs/GITHUB_ENFORCEMENT.md,requirement-specific local tests and target-platform evidence
ACD-0097,558,27. Autonomous problem-to-production intake,MUST,Every reported defect MUST begin as an unverified report rather than an assumed bug.,DETERMINISTIC_AND_PLATFORM,schemas/problem-case.schema.json; schemas/blocker-request.schema.json; toolkit/ztad/problem.py; toolkit/ztad/problem_isolation.py; toolkit/ztad/blocker_requests.py; toolkit/ztad/provider_contract.py; skills/problem-investigation; docs/BUG_TO_PRODUCTION_PROTOCOL.md,"problem-lifecycle, isolation, provider-contract, release-evidence, and protected-platform tests"
ACD-0098,559,27. Autonomous problem-to-production intake,MUST,Investigation MUST resolve the current source of truth read-only before implementation begins.,DETERMINISTIC_AND_PLATFORM,schemas/problem-case.schema.json; schemas/blocker-request.schema.json; toolkit/ztad/problem.py; toolkit/ztad/problem_isolation.py; toolkit/ztad/blocker_requests.py; toolkit/ztad/provider_contract.py; skills/problem-investigation; docs/BUG_TO_PRODUCTION_PROTOCOL.md,"problem-lifecycle, isolation, provider-contract, release-evidence, and protected-platform tests"
ACD-0099,560,27. Autonomous problem-to-production intake,MUST,"A code-affecting report MUST be classified, reproduced or equivalently proven, causally explained, blast-radius mapped, and planned before a Change Contract is created.",DETERMINISTIC_AND_PLATFORM,schemas/problem-case.schema.json; schemas/blocker-request.schema.json; toolkit/ztad/problem.py; toolkit/ztad/problem_isolation.py; toolkit/ztad/blocker_requests.py; toolkit/ztad/provider_contract.py; skills/problem-investigation; docs/BUG_TO_PRODUCTION_PROTOCOL.md,"problem-lifecycle, isolation, provider-contract, release-evidence, and protected-platform tests"
ACD-0100,561,27. Autonomous problem-to-production intake,MUST,"For a code-fix case, the regression baseline MUST use the same oracle that later validates the exact candidate, proving FAIL on the exact protected known-bad base and PASS on the exact candidate; model judgment, feasibility exceptions, controller-reviewed waivers, or equivalent evidence MUST NOT substitute for this gate.",DETERMINISTIC_AND_PLATFORM,schemas/problem-case.schema.json; schemas/blocker-request.schema.json; toolkit/ztad/problem.py; toolkit/ztad/problem_isolation.py; toolkit/ztad/blocker_requests.py; toolkit/ztad/provider_contract.py; skills/problem-investigation; docs/BUG_TO_PRODUCTION_PROTOCOL.md,"problem-lifecycle, isolation, provider-contract, release-evidence, and protected-platform tests"
ACD-0101,562,27. Autonomous problem-to-production intake,MUST NOT,A same-SHA or same-configuration fail-then-pass rerun MUST NOT be represented as RED-to-GREEN regression proof.,DETERMINISTIC_AND_PLATFORM,schemas/problem-case.schema.json; schemas/blocker-request.schema.json; toolkit/ztad/problem.py; toolkit/ztad/problem_isolation.py; toolkit/ztad/blocker_requests.py; toolkit/ztad/provider_contract.py; skills/problem-investigation; docs/BUG_TO_PRODUCTION_PROTOCOL.md,"problem-lifecycle, isolation, provider-contract, release-evidence, and protected-platform tests"
ACD-0102,563,27. Autonomous problem-to-production intake,MUST,A dirty or protected-base-divergent user worktree MUST be preserved untouched while task work proceeds in an isolated clean worktree from the exact protected base.,DETERMINISTIC_AND_PLATFORM,schemas/problem-case.schema.json; schemas/blocker-request.schema.json; toolkit/ztad/problem.py; toolkit/ztad/problem_isolation.py; toolkit/ztad/blocker_requests.py; toolkit/ztad/provider_contract.py; skills/problem-investigation; docs/BUG_TO_PRODUCTION_PROTOCOL.md,"problem-lifecycle, isolation, provider-contract, release-evidence, and protected-platform tests"
ACD-0103,564,27. Autonomous problem-to-production intake,MUST NOT,Routine technical choices MUST NOT be delegated to a non-programmer owner when the controller can safely derive and execute them.,DETERMINISTIC_AND_PLATFORM,schemas/problem-case.schema.json; schemas/blocker-request.schema.json; toolkit/ztad/problem.py; toolkit/ztad/problem_isolation.py; toolkit/ztad/blocker_requests.py; toolkit/ztad/provider_contract.py; skills/problem-investigation; docs/BUG_TO_PRODUCTION_PROTOCOL.md,"problem-lifecycle, isolation, provider-contract, release-evidence, and protected-platform tests"
ACD-0104,565,27. Autonomous problem-to-production intake,SHOULD,Missing local evidence files SHOULD be created as explicitly non-authoritative local evidence rather than stopping all progress.,DETERMINISTIC_AND_PLATFORM,schemas/problem-case.schema.json; schemas/blocker-request.schema.json; toolkit/ztad/problem.py; toolkit/ztad/problem_isolation.py; toolkit/ztad/blocker_requests.py; toolkit/ztad/provider_contract.py; skills/problem-investigation; docs/BUG_TO_PRODUCTION_PROTOCOL.md,"problem-lifecycle, isolation, provider-contract, release-evidence, and protected-platform tests"
ACD-0105,566,27. Autonomous problem-to-production intake,MUST NOT,"An identical no-progress provider, test, or repair attempt MUST NOT be repeated.",DETERMINISTIC_AND_PLATFORM,schemas/problem-case.schema.json; schemas/blocker-request.schema.json; toolkit/ztad/problem.py; toolkit/ztad/problem_isolation.py; toolkit/ztad/blocker_requests.py; toolkit/ztad/provider_contract.py; skills/problem-investigation; docs/BUG_TO_PRODUCTION_PROTOCOL.md,"problem-lifecycle, isolation, provider-contract, release-evidence, and protected-platform tests"
ACD-0106,567,27. Autonomous problem-to-production intake,MUST,Missing external authority MUST block only the affected protected transition while unrelated safe runnable work continues.,DETERMINISTIC_AND_PLATFORM,schemas/problem-case.schema.json; schemas/blocker-request.schema.json; toolkit/ztad/problem.py; toolkit/ztad/problem_isolation.py; toolkit/ztad/blocker_requests.py; toolkit/ztad/provider_contract.py; skills/problem-investigation; docs/BUG_TO_PRODUCTION_PROTOCOL.md,"problem-lifecycle, isolation, provider-contract, release-evidence, and protected-platform tests"
ACD-0107,568,27. Autonomous problem-to-production intake,MUST NOT,"A model MUST NOT convert its own text, confidence, review, agreement, or `APPROVE` recommendation into E6, merge, release, deployment, signing, attestation, or production evidence.",DETERMINISTIC_AND_PLATFORM,schemas/problem-case.schema.json; schemas/blocker-request.schema.json; toolkit/ztad/problem.py; toolkit/ztad/problem_isolation.py; toolkit/ztad/blocker_requests.py; toolkit/ztad/provider_contract.py; skills/problem-investigation; docs/BUG_TO_PRODUCTION_PROTOCOL.md,"problem-lifecycle, isolation, provider-contract, release-evidence, and protected-platform tests"
ACD-0108,569,27. Autonomous problem-to-production intake,MUST,Strict model-output schemas MUST be validated before provider execution; an invalid schema MUST NOT be misreported as missing structured output.,DETERMINISTIC_AND_PLATFORM,schemas/problem-case.schema.json; schemas/blocker-request.schema.json; toolkit/ztad/problem.py; toolkit/ztad/problem_isolation.py; toolkit/ztad/blocker_requests.py; toolkit/ztad/provider_contract.py; skills/problem-investigation; docs/BUG_TO_PRODUCTION_PROTOCOL.md,"problem-lifecycle, isolation, provider-contract, release-evidence, and protected-platform tests"
ACD-0109,570,27. Autonomous problem-to-production intake,MUST,Test/orchestration role aliases MUST be normalized only at the provider/validation boundary and MUST NOT weaken the canonical structured-output schema.,DETERMINISTIC_AND_PLATFORM,schemas/problem-case.schema.json; schemas/blocker-request.schema.json; toolkit/ztad/problem.py; toolkit/ztad/problem_isolation.py; toolkit/ztad/blocker_requests.py; toolkit/ztad/provider_contract.py; skills/problem-investigation; docs/BUG_TO_PRODUCTION_PROTOCOL.md,"problem-lifecycle, isolation, provider-contract, release-evidence, and protected-platform tests"
ACD-0110,571,27. Autonomous problem-to-production intake,MUST,Every candidate release MUST have a deterministic fingerprint bound to its exact manifest subject before protected promotion.,DETERMINISTIC_AND_PLATFORM,schemas/problem-case.schema.json; schemas/blocker-request.schema.json; toolkit/ztad/problem.py; toolkit/ztad/problem_isolation.py; toolkit/ztad/blocker_requests.py; toolkit/ztad/provider_contract.py; skills/problem-investigation; docs/BUG_TO_PRODUCTION_PROTOCOL.md,"problem-lifecycle, isolation, provider-contract, release-evidence, and protected-platform tests"
ACD-0111,572,27. Autonomous problem-to-production intake,MUST NOT,"A local release fingerprint or blocker request MUST NOT be represented as a protected signature, attestation, approval, staging result, runtime health result, or production success.",DETERMINISTIC_AND_PLATFORM,schemas/problem-case.schema.json; schemas/blocker-request.schema.json; toolkit/ztad/problem.py; toolkit/ztad/problem_isolation.py; toolkit/ztad/blocker_requests.py; toolkit/ztad/provider_contract.py; skills/problem-investigation; docs/BUG_TO_PRODUCTION_PROTOCOL.md,"problem-lifecycle, isolation, provider-contract, release-evidence, and protected-platform tests"
ACD-0112,573,27. Autonomous problem-to-production intake,SHOULD,"Missing protected evidence SHOULD produce a subject-bound protected evidence request naming the required evidence type, trust level, expected producer, and next action.",DETERMINISTIC_AND_PLATFORM,schemas/problem-case.schema.json; schemas/blocker-request.schema.json; toolkit/ztad/problem.py; toolkit/ztad/problem_isolation.py; toolkit/ztad/blocker_requests.py; toolkit/ztad/provider_contract.py; skills/problem-investigation; docs/BUG_TO_PRODUCTION_PROTOCOL.md,"problem-lifecycle, isolation, provider-contract, release-evidence, and protected-platform tests"
ACD-0113,574,27. Autonomous problem-to-production intake,MUST,"Artifact promotion MUST require the applicable signed manifest, SBOM, provenance/attestation, exact digest, protected CI/review evidence, and rollback material.",DETERMINISTIC_AND_PLATFORM,schemas/problem-case.schema.json; schemas/blocker-request.schema.json; toolkit/ztad/problem.py; toolkit/ztad/problem_isolation.py; toolkit/ztad/blocker_requests.py; toolkit/ztad/provider_contract.py; skills/problem-investigation; docs/BUG_TO_PRODUCTION_PROTOCOL.md,"problem-lifecycle, isolation, provider-contract, release-evidence, and protected-platform tests"
ACD-0114,575,27. Autonomous problem-to-production intake,MUST,High-risk release MUST require applicable staged restore and rollback rehearsal evidence before production progression.,DETERMINISTIC_AND_PLATFORM,schemas/problem-case.schema.json; schemas/blocker-request.schema.json; toolkit/ztad/problem.py; toolkit/ztad/problem_isolation.py; toolkit/ztad/blocker_requests.py; toolkit/ztad/provider_contract.py; skills/problem-investigation; docs/BUG_TO_PRODUCTION_PROTOCOL.md,"problem-lifecycle, isolation, provider-contract, release-evidence, and protected-platform tests"
ACD-0115,576,27. Autonomous problem-to-production intake,MUST,"Production verification MUST bind runtime health, a production-safe synthetic transaction, and the observation window to the exact deployed digest.",DETERMINISTIC_AND_PLATFORM,schemas/problem-case.schema.json; schemas/blocker-request.schema.json; toolkit/ztad/problem.py; toolkit/ztad/problem_isolation.py; toolkit/ztad/blocker_requests.py; toolkit/ztad/provider_contract.py; skills/problem-investigation; docs/BUG_TO_PRODUCTION_PROTOCOL.md,"problem-lifecycle, isolation, provider-contract, release-evidence, and protected-platform tests"
ACD-0116,577,27. Autonomous problem-to-production intake,MUST,Migration ledger/history guard failures MUST be repaired at the migration/history root cause and MUST NOT be bypassed by weakening the guard.,DETERMINISTIC_AND_PLATFORM,schemas/problem-case.schema.json; schemas/blocker-request.schema.json; toolkit/ztad/problem.py; toolkit/ztad/problem_isolation.py; toolkit/ztad/blocker_requests.py; toolkit/ztad/provider_contract.py; skills/problem-investigation; docs/BUG_TO_PRODUCTION_PROTOCOL.md,"problem-lifecycle, isolation, provider-contract, release-evidence, and protected-platform tests"
ACD-0117,578,27. Autonomous problem-to-production intake,MUST,Dependency-audit failures MUST be repaired on a clean protected-base candidate with regenerated lock state and exact-head protected CI.,DETERMINISTIC_AND_PLATFORM,schemas/problem-case.schema.json; schemas/blocker-request.schema.json; toolkit/ztad/problem.py; toolkit/ztad/problem_isolation.py; toolkit/ztad/blocker_requests.py; toolkit/ztad/provider_contract.py; skills/problem-investigation; docs/BUG_TO_PRODUCTION_PROTOCOL.md,"problem-lifecycle, isolation, provider-contract, release-evidence, and protected-platform tests"
ACD-0118,579,27. Autonomous problem-to-production intake,MUST NOT,Production database mutation MUST NOT be performed from a normal coding-agent shell or ad-hoc direct database session.,DETERMINISTIC_AND_PLATFORM,schemas/problem-case.schema.json; schemas/blocker-request.schema.json; toolkit/ztad/problem.py; toolkit/ztad/problem_isolation.py; toolkit/ztad/blocker_requests.py; toolkit/ztad/provider_contract.py; skills/problem-investigation; docs/BUG_TO_PRODUCTION_PROTOCOL.md,"problem-lifecycle, isolation, provider-contract, release-evidence, and protected-platform tests"
ACD-0119,580,27. Autonomous problem-to-production intake,MUST,Production release MUST use only the repository's canonical protected release path and exact validated artifact.,DETERMINISTIC_AND_PLATFORM,schemas/problem-case.schema.json; schemas/blocker-request.schema.json; toolkit/ztad/problem.py; toolkit/ztad/problem_isolation.py; toolkit/ztad/blocker_requests.py; toolkit/ztad/provider_contract.py; skills/problem-investigation; docs/BUG_TO_PRODUCTION_PROTOCOL.md,"problem-lifecycle, isolation, provider-contract, release-evidence, and protected-platform tests"
ACD-0120,584,28. Exact fail-closed bug-to-production lifecycle,MUST,"For every reported code-affecting defect, the authoritative case state MUST progress through every state below without skipping:",DETERMINISTIC_AND_PLATFORM,policies/bug-to-production-policy.yaml; schemas/bug-lifecycle.schema.json; toolkit/ztad/bug_lifecycle.py; tests/test_v437_bug_protocol.py; docs/BUG_TO_PRODUCTION_PROTOCOL.md,"exact lifecycle, RED-to-GREEN, domain-gate, protected-approval, staging, release, rollback, and closure tests"
ACD-0121,608,28. Exact fail-closed bug-to-production lifecycle,MUST NOT,`PATCH_IMPLEMENTED` MUST NOT imply that the bug is fixed.,DETERMINISTIC_AND_PLATFORM,policies/bug-to-production-policy.yaml; schemas/bug-lifecycle.schema.json; toolkit/ztad/bug_lifecycle.py; tests/test_v437_bug_protocol.py; docs/BUG_TO_PRODUCTION_PROTOCOL.md,"exact lifecycle, RED-to-GREEN, domain-gate, protected-approval, staging, release, rollback, and closure tests"
ACD-0122,609,28. Exact fail-closed bug-to-production lifecycle,MUST,`REGRESSION_TEST_PROVEN` MUST bind the same oracle to a failing exact known-bad protected base and a passing exact candidate.,DETERMINISTIC_AND_PLATFORM,policies/bug-to-production-policy.yaml; schemas/bug-lifecycle.schema.json; toolkit/ztad/bug_lifecycle.py; tests/test_v437_bug_protocol.py; docs/BUG_TO_PRODUCTION_PROTOCOL.md,"exact lifecycle, RED-to-GREEN, domain-gate, protected-approval, staging, release, rollback, and closure tests"
ACD-0123,610,28. Exact fail-closed bug-to-production lifecycle,MUST,"`TARGETED_VALIDATION_PASS`, `REGRESSION_VALIDATION_PASS`, and `DIFF_FORENSICS_PASS` MUST remain distinct claims.",DETERMINISTIC_AND_PLATFORM,policies/bug-to-production-policy.yaml; schemas/bug-lifecycle.schema.json; toolkit/ztad/bug_lifecycle.py; tests/test_v437_bug_protocol.py; docs/BUG_TO_PRODUCTION_PROTOCOL.md,"exact lifecycle, RED-to-GREEN, domain-gate, protected-approval, staging, release, rollback, and closure tests"
ACD-0124,611,28. Exact fail-closed bug-to-production lifecycle,MUST,`INDEPENDENT_REVIEW_PASS` MUST come from a review context independent of implementation and have verdict `PASS`.,DETERMINISTIC_AND_PLATFORM,policies/bug-to-production-policy.yaml; schemas/bug-lifecycle.schema.json; toolkit/ztad/bug_lifecycle.py; tests/test_v437_bug_protocol.py; docs/BUG_TO_PRODUCTION_PROTOCOL.md,"exact lifecycle, RED-to-GREEN, domain-gate, protected-approval, staging, release, rollback, and closure tests"
ACD-0125,612,28. Exact fail-closed bug-to-production lifecycle,MUST,`CI_PASS` MUST bind protected required checks to the exact final PR head.,DETERMINISTIC_AND_PLATFORM,policies/bug-to-production-policy.yaml; schemas/bug-lifecycle.schema.json; toolkit/ztad/bug_lifecycle.py; tests/test_v437_bug_protocol.py; docs/BUG_TO_PRODUCTION_PROTOCOL.md,"exact lifecycle, RED-to-GREEN, domain-gate, protected-approval, staging, release, rollback, and closure tests"
ACD-0126,613,28. Exact fail-closed bug-to-production lifecycle,MUST,`STAGING_PASS` MUST test the exact candidate/artifact and include the original problem scenario.,DETERMINISTIC_AND_PLATFORM,policies/bug-to-production-policy.yaml; schemas/bug-lifecycle.schema.json; toolkit/ztad/bug_lifecycle.py; tests/test_v437_bug_protocol.py; docs/BUG_TO_PRODUCTION_PROTOCOL.md,"exact lifecycle, RED-to-GREEN, domain-gate, protected-approval, staging, release, rollback, and closure tests"
ACD-0127,614,28. Exact fail-closed bug-to-production lifecycle,MUST,"`READY_FOR_OWNER_RELEASE` MUST require release fingerprint, protected signed manifest, SBOM, attestation/provenance, rollback/observability/synthetic evidence, and risk-appropriate restore/rehearsal evidence.",DETERMINISTIC_AND_PLATFORM,policies/bug-to-production-policy.yaml; schemas/bug-lifecycle.schema.json; toolkit/ztad/bug_lifecycle.py; tests/test_v437_bug_protocol.py; docs/BUG_TO_PRODUCTION_PROTOCOL.md,"exact lifecycle, RED-to-GREEN, domain-gate, protected-approval, staging, release, rollback, and closure tests"
ACD-0128,615,28. Exact fail-closed bug-to-production lifecycle,MUST,`PRODUCTION_RELEASED` MUST require protected release authority and exact revision/artifact evidence and MUST remain distinct from fix verification.,DETERMINISTIC_AND_PLATFORM,policies/bug-to-production-policy.yaml; schemas/bug-lifecycle.schema.json; toolkit/ztad/bug_lifecycle.py; tests/test_v437_bug_protocol.py; docs/BUG_TO_PRODUCTION_PROTOCOL.md,"exact lifecycle, RED-to-GREEN, domain-gate, protected-approval, staging, release, rollback, and closure tests"
ACD-0129,616,28. Exact fail-closed bug-to-production lifecycle,MUST,"`POST_DEPLOY_VERIFIED` MUST prove the original problem is fixed and runtime health, synthetic transaction, and observation window are acceptable.",DETERMINISTIC_AND_PLATFORM,policies/bug-to-production-policy.yaml; schemas/bug-lifecycle.schema.json; toolkit/ztad/bug_lifecycle.py; tests/test_v437_bug_protocol.py; docs/BUG_TO_PRODUCTION_PROTOCOL.md,"exact lifecycle, RED-to-GREEN, domain-gate, protected-approval, staging, release, rollback, and closure tests"
ACD-0130,617,28. Exact fail-closed bug-to-production lifecycle,MUST NOT,"`CLOSED` MUST NOT be reachable from an internal scheduler `DONE`, merge completion, model statement, deployment-command success, or a readiness result such as `PRODUCTION_VERIFIED`.",DETERMINISTIC_AND_PLATFORM,policies/bug-to-production-policy.yaml; schemas/bug-lifecycle.schema.json; toolkit/ztad/bug_lifecycle.py; tests/test_v437_bug_protocol.py; docs/BUG_TO_PRODUCTION_PROTOCOL.md,"exact lifecycle, RED-to-GREEN, domain-gate, protected-approval, staging, release, rollback, and closure tests"
ACD-0131,618,28. Exact fail-closed bug-to-production lifecycle,MUST,Missing mandatory evidence before production MUST result in `BLOCKED` for the affected transition.,DETERMINISTIC_AND_PLATFORM,policies/bug-to-production-policy.yaml; schemas/bug-lifecycle.schema.json; toolkit/ztad/bug_lifecycle.py; tests/test_v437_bug_protocol.py; docs/BUG_TO_PRODUCTION_PROTOCOL.md,"exact lifecycle, RED-to-GREEN, domain-gate, protected-approval, staging, release, rollback, and closure tests"
ACD-0132,619,28. Exact fail-closed bug-to-production lifecycle,MUST,"Missing, conflicting, or unhealthy mandatory evidence after production exposure MUST result in `ROLLBACK_REQUIRED` or containment.",DETERMINISTIC_AND_PLATFORM,policies/bug-to-production-policy.yaml; schemas/bug-lifecycle.schema.json; toolkit/ztad/bug_lifecycle.py; tests/test_v437_bug_protocol.py; docs/BUG_TO_PRODUCTION_PROTOCOL.md,"exact lifecycle, RED-to-GREEN, domain-gate, protected-approval, staging, release, rollback, and closure tests"
ACD-0133,620,28. Exact fail-closed bug-to-production lifecycle,MAY,"Hotfix mode MAY reduce validation breadth but MUST NOT skip lifecycle states, and database/auth/tenant/financial/ZATCA/security changes retain their high-risk gates.",DETERMINISTIC_AND_PLATFORM,policies/bug-to-production-policy.yaml; schemas/bug-lifecycle.schema.json; toolkit/ztad/bug_lifecycle.py; tests/test_v437_bug_protocol.py; docs/BUG_TO_PRODUCTION_PROTOCOL.md,"exact lifecycle, RED-to-GREEN, domain-gate, protected-approval, staging, release, rollback, and closure tests"
ACD-0134,621,28. Exact fail-closed bug-to-production lifecycle,MUST,The WorkshopOS profile MUST use only `DEPLOYMENT.md → infra/docs/runbook.md → .github/workflows/deploy.yml` as its canonical production path.,DETERMINISTIC_AND_PLATFORM,policies/bug-to-production-policy.yaml; schemas/bug-lifecycle.schema.json; toolkit/ztad/bug_lifecycle.py; tests/test_v437_bug_protocol.py; docs/BUG_TO_PRODUCTION_PROTOCOL.md,"exact lifecycle, RED-to-GREEN, domain-gate, protected-approval, staging, release, rollback, and closure tests"
